USE PharmacyMS

INSERT INTO Insurance (CompanyName, StartDate, EndDate, CoInsurance) 
VALUES 
    ('ABC Insurance', '2022-01-01', '2023-01-01', 20),
    ('XYZ Insurance', '2022-02-01', '2023-02-01', 15),
    ('DEF Insurance', '2022-03-01', '2023-03-01', 25),
    ('GHI Insurance', '2022-04-01', '2023-04-01', 18),
    ('JKL Insurance', '2022-05-01', '2023-05-01', 22),
    ('MNO Insurance', '2022-06-01', '2023-06-01', 30),
    ('PQR Insurance', '2022-07-01', '2023-07-01', 17),
    ('STU Insurance', '2022-08-01', '2023-08-01', 19),
    ('VWX Insurance', '2022-09-01', '2023-09-01', 21),
    ('YZA Insurance', '2022-10-01', '2023-10-01', 16),
    ('BCD Insurance', '2022-11-01', '2023-11-01', 23),
    ('EFG Insurance', '2022-12-01', '2023-12-01', 27),
    ('HIJ Insurance', '2023-01-01', '2024-01-01', 24),
    ('KLM Insurance', '2023-02-01', '2024-02-01', 28),
    ('NOP Insurance', '2023-03-01', '2024-03-01', 26),
    ('QRS Insurance', '2023-04-01', '2024-04-01', 29),
    ('TUV Insurance', '2023-05-01', '2024-05-01', 32),
    ('VWX Insurance', '2023-06-01', '2024-06-01', 35),
    ('YZA Insurance', '2023-07-01', '2024-07-01', 31),
    ('BCD Insurance', '2023-08-01', '2024-08-01', 33),
    ('EFG Insurance', '2023-09-01', '2024-09-01', 34),
    ('HIJ Insurance', '2023-10-01', '2024-10-01', 37),
    ('KLM Insurance', '2023-11-01', '2024-11-01', 40),
    ('NOP Insurance', '2023-12-01', '2024-12-01', 38),
    ('QRS Insurance', '2024-01-01', '2025-01-01', 36),
    ('TUV Insurance', '2024-02-01', '2025-02-01', 39),
    ('VWX Insurance', '2024-03-01', '2025-03-01', 42),
    ('YZA Insurance', '2024-04-01', '2025-04-01', 41);

INSERT INTO Employee (SSN, License, FirstName, LastName, StartDate, Role, Salary, PhoneNumber, DateOfBirth) 
VALUES 
    (123456089, 987667021, 'John', 'Doe', '2022-01-01', 'Manager', 60000.00, '555-1234', '1985-05-10'),
    (234507890, 876589219, 'Jane', 'Smith', '2022-01-01', 'Pharmacist', 70000.00, '555-5678', '1988-09-15'),
    (345678901, 765430198, 'Michael', 'Johnson', '2022-01-01', 'Technician', 45000.00, '555-9012', '1990-11-20'),
    (456789012, 654301987, 'Emily', 'Brown', '2022-01-01', 'Cashier', 35000.00, '555-3456', '1993-04-25'),
    (567890123, 543654876, 'David', 'Lee', '2022-01-01', 'Pharmacist', 70000.00, '555-7890', '1987-07-30'),
    (678900234, 438765765, 'Jennifer', 'Garcia', '2022-01-01', 'Technician', 45000.00, '555-2345', '1989-12-05'),
    (789000345, 387657654, 'Jessica', 'Martinez', '2022-01-01', 'Cashier', 35000.00, '555-6789', '1992-03-15'),
    (890100456, 219876543, 'Christopher', 'Wilson', '2022-01-01', 'Pharmacist', 70000.00, '555-0123', '1986-06-20'),
    (901000567, 176543432, 'Amanda', 'Lopez', '2022-01-01', 'Technician', 45000.00, '555-4567', '1995-08-10'),
    (012000678, 987676544, 'Matthew', 'Harris', '2022-01-01', 'Cashier', 35000.00, '555-8901', '1984-02-28'),
    (123450789, 876576544, 'Ashley', 'Clark', '2022-01-01', 'Manager', 60000.00, '555-2345', '1987-10-12'),
    (234560890, 765765444, 'Daniel', 'Lewis', '2022-01-01', 'Pharmacist', 70000.00, '555-6789', '1990-01-05'),
    (345609014, 765432348, 'Sarah', 'Allen', '2022-01-01', 'Technician', 45000.00, '555-1234', '1983-04-18'),
    (456889012, 543219987, 'Andrew', 'Young', '2022-01-01', 'Cashier', 35000.00, '555-5678', '1996-07-22'),
    (567840123, 432198876, 'Elizabeth', 'Lopez', '2022-01-01', 'Pharmacist', 70000.00, '555-9012', '1988-09-08'),
    (673451234, 321900009, 'Ryan', 'Hall', '2022-01-01', 'Technician', 45000.00, '555-3456', '1991-12-01'),
    (782452345, 219879879, 'Megan', 'King', '2022-01-01', 'Cashier', 35000.00, '555-7890', '1994-03-25'),
    (892463456, 198765498, 'Kevin', 'Morris', '2022-01-01', 'Pharmacist', 70000.00, '555-2345', '1985-06-28'),
    (907544567, 987654876, 'Rachel', 'Rivera', '2022-01-01', 'Technician', 45000.00, '555-6789', '1989-08-15'),
    (016545678, 876876576, 'Tyler', 'Gonzalez', '2022-01-01', 'Cashier', 35000.00, '555-0123', '1992-11-30'),
    (123656789, 765437651, 'Lauren', 'Walker', '2022-01-01', 'Manager', 60000.00, '555-4567', '1986-02-15'),
    (237657890, 654324321, 'Justin', 'Perez', '2022-01-01', 'Pharmacist', 70000.00, '555-8901', '1989-05-20'),
    (388876890, 543244444, 'Hannah', 'Evans', '2022-01-01', 'Technician', 45000.00, '555-2345', '1993-09-05'),
    (456567802, 432145666, 'Brandon', 'Torres', '2022-01-01', 'Cashier', 35000.00, '555-6789', '1996-12-18'),
    (567000023, 321987654, 'Kayla', 'Hernandez', '2022-01-01', 'Pharmacist', 70000.00, '555-1234', '1984-03-22'),
    (678987654, 219765400, 'Jacob', 'Young', '2022-01-01', 'Technician', 45000.00, '555-5678', '1987-06-10'),
    (789098766, 198765487, 'Alexis', 'Scott', '2022-01-01', 'Cashier', 35000.00, '555-9012', '1990-09-15'),
    (890187654, 987654456, 'Madison', 'Green', '2022-01-01', 'Pharmacist', 70000.00, '555-3456', '1983-12-20'),
    (901234575, 876543276, 'Caleb', 'Adams', '2022-01-01', 'Technician', 45000.00, '555-7890', '1986-05-25'),
    (012344577, 765432198, 'Samantha', 'Campbell', '2022-01-01', 'Cashier', 35000.00, '555-2345', '1989-08-01');

INSERT INTO Customer (FirstName, LastName, Phone, Gender, Address, DateOfBirth, InsuranceID) 
VALUES
	('John', 'Doe', '1234567890', 'M', '123 Main St, City, Country', '1990-01-01', 1),
	('Alice', 'Smith', '0987654321', 'F', '456 Elm St, City, Country', '1988-05-15', 2),
	('Bob', 'Johnson', '2345678901', 'M', '789 Oak St, City, Country', '1975-09-20', 3),
	('Emma', 'Brown', '3456789012', 'F', '987 Pine St, City, Country', '1982-11-30', 4),
	('Michael', 'Williams', '4567890123', 'M', '654 Cedar St, City, Country', '1978-07-04', 5),
	('Sophia', 'Miller', '5678901234', 'F', '321 Maple St, City, Country', '1995-03-25', 6),
	('James', 'Davis', '6789012345', 'M', '852 Birch St, City, Country', '1989-09-10', 7),
	('Olivia', 'Garcia', '7890123456', 'F', '963 Walnut St, City, Country', '1984-12-15', 8),
	('William', 'Rodriguez', '8901234567', 'M', '147 Oakwood St, City, Country', '1970-04-02', 9),
	('Isabella', 'Lopez', '9012345678', 'F', '258 Elmwood St, City, Country', '1992-06-20', 10),	
	('Joseph', 'Martinez', '0123456789', 'M', '369 Cedarwood St, City, Country', '1987-08-18', 11),
	('Charlotte', 'Hernandez', '1112223333', 'F', '777 Birchwood St, City, Country', '1980-02-28', 12),
	('Mason', 'Young', '2223334444', 'M', '888 Pinecrest St, City, Country', '1973-10-05', 13),
	('Amelia', 'King', '3334445555', 'F', '999 Maplewood St, City, Country', '1998-07-12', 14),
	('Ethan', 'Taylor', '4445556666', 'M', '123 Oakcrest St, City, Country', '1986-05-08', 15),
	('Harper', 'Thomas', '5556667777', 'F', '456 Elmcrest St, City, Country', '1991-11-22', 16),
	('Alexander', 'Anderson', '6667778888', 'M', '789 Pinehurst St, City, Country', '1976-03-17', 17),
	('Ava', 'Wilson', '7778889999', 'F', '987 Maplehurst St, City, Country', '1981-09-06', 18),
	('Daniel', 'Moore', '8889990000', 'M', '654 Cedarhurst St, City, Country', '1974-01-19', 19),
	('Madison', 'Gonzalez', '9990001111', 'F', '321 Oakdale St, City, Country', '1994-08-28', 20),
	('Benjamin', 'Jackson', '0001112222', 'M', '852 Pinewood St, City, Country', '1979-12-03', 21),
	('Chloe', 'White', '1110223303', 'F', '963 Elmwood St, City, Country', '1997-02-14', 22),
	('Logan', 'Harris', '2223334404', 'M', '147 Cedarwood St, City, Country', '1983-06-17', 23),
	('Emily', 'Clark', '3334440555', 'F', '258 Birchwood St, City, Country', '1971-04-24', 24),
	('Liam', 'Lewis', '4445556066', 'M', '369 Pinecrest St, City, Country', '1996-10-11', 25),
	('Zoey', 'Walker', '5556667077', 'F', '777 Maplewood St, City, Country', '1985-07-08', 26),
	('Lucas', 'Perez', '6667778808', 'M', '888 Oakcrest St, City, Country', '1977-08-29', 27),
	('Lily', 'Hall', '7778889099', 'F', '999 Elmcrest St, City, Country', '1993-03-16', 28),
	('Jackson', 'Sanchez', '8880990000', 'M', '123 Pinehurst St, City, Country', '1988-01-07', 29),
	('Grace', 'Martin', '9990001011', 'F', '456 Maplehurst St, City, Country', '1972-09-14', 30);

INSERT INTO Prescription (SSN, DoctorID, PrescribedDate) 
VALUES 
    (118, 1001, '2023-01-01'),
    (132, 1002, '2023-01-02'),
    (123, 1003, '2023-01-03'),
    (114, 1004, '2023-01-04'),
    (115, 1005, '2023-01-05'),
    (116, 1006, '2023-01-06'),
    (117, 1007, '2023-01-07'),
    (118, 1008, '2023-01-08'),
    (119, 1009, '2023-01-09'),
    (116, 1010, '2023-01-10'),
    (119, 1011, '2023-01-11'),
    (120, 1012, '2023-01-12'),
    (113, 1013, '2023-01-13'),
    (115, 1014, '2023-01-14'),
    (119, 1015, '2023-01-15'),
    (117, 1016, '2023-01-16'),
    (125, 1017, '2023-01-17'),
    (121, 1018, '2023-01-18'),
    (130, 1019, '2023-01-19'),
    (121, 1020, '2023-01-20'),
    (123, 1021, '2023-01-21'),
    (114, 1022, '2023-01-22'),
    (118, 1023, '2023-01-23'),
    (119, 1024, '2023-01-24'),
    (114, 1025, '2023-01-25'),
    (122, 1026, '2023-01-26'),
    (132, 1027, '2023-01-27'),
    (137, 1028, '2023-01-28'),
    (125, 1029, '2023-01-29'),
    (126, 1030, '2023-01-30');

INSERT INTO Medicine (DrugName, BatchNumber, MedicineType, Manufacturer, StockQuantity, ExpiryDate, Price) 
VALUES 
    ('Aspirin', 12345, 'Tablet', 'Bayer', 100, '2024-06-01', 10.99),
    ('Amoxicillin', 23456, 'Capsule', 'Pfizer', 50, '2024-07-01', 15.99),
    ('Lisinopril', 34567, 'Tablet', 'Aurobindo Pharma', 75, '2024-08-01', 5.99),
    ('Metformin', 45678, 'Tablet', 'Teva', 60, '2024-09-01', 7.99),
    ('Atorvastatin', 56789, 'Tablet', 'Mylan', 80, '2024-10-01', 12.99),
    ('Simvastatin', 67890, 'Tablet', 'Sun Pharma', 70, '2024-11-01', 9.99),
    ('Levothyroxine', 78901, 'Tablet', 'Sandoz', 65, '2024-12-01', 8.99),
    ('Losartan', 89012, 'Tablet', 'Dr. Reddy', 55, '2025-01-01', 6.99),
    ('Omeprazole', 90123, 'Capsule', 'Apotex', 45, '2025-02-01', 11.99),
    ('Gabapentin', 10111, 'Capsule', 'Torrent Pharma', 40, '2025-03-01', 14.99),
    ('Amlodipine', 11122, 'Tablet', 'Lupin', 85, '2025-04-01', 8.49),
    ('Hydrochlorothiazide', 12133, 'Tablet', 'Cipla', 95, '2025-05-01', 7.49),
    ('Metoprolol', 13144, 'Tablet', 'Glenmark', 70, '2025-06-01', 10.49),
    ('Alprazolam', 14155, 'Tablet', 'Cadila Healthcare', 55, '2025-07-01', 12.49),
    ('Warfarin', 15166, 'Tablet', 'Alembic', 50, '2025-08-01', 9.49),
    ('Citalopram', 16177, 'Tablet', 'Zydus Cadila', 45, '2025-09-01', 11.49),
    ('Prednisone', 17188, 'Tablet', 'GSK', 40, '2025-10-01', 8.99),
    ('Furosemide', 18199, 'Tablet', 'Novartis', 35, '2025-11-01', 7.99),
    ('Zolpidem', 19200, 'Tablet', 'Torrent Pharma', 30, '2025-12-01', 13.99),
    ('Venlafaxine', 20211, 'Capsule', 'Intas Pharmaceuticals', 25, '2026-01-01', 16.99),
    ('Diazepam', 21222, 'Tablet', 'Aurobindo Pharma', 60, '2026-02-01', 12.99),
    ('Fluoxetine', 22233, 'Capsule', 'Cipla', 55, '2026-03-01', 14.99),
    ('Lorazepam', 23244, 'Tablet', 'Mylan', 45, '2026-04-01', 11.99),
    ('Clonazepam', 24255, 'Tablet', 'Sun Pharma', 40, '2026-05-01', 12.99),
    ('Tramadol', 25266, 'Tablet', 'Dr. Reddy', 35, '2026-06-01', 9.99),
    ('Cephalexin', 26277, 'Capsule', 'Apotex', 30, '2026-07-01', 17.99),
    ('Metronidazole', 27288, 'Tablet', 'Torrent Pharma', 25, '2026-08-01', 10.99),
    ('Fluconazole', 28299, 'Capsule', 'Lupin', 20, '2026-09-01', 15.99),
    ('Clarithromycin', 29300, 'Tablet', 'Cipla', 15, '2026-10-01', 11.99),
    ('Sildenafil', 30311, 'Tablet', 'Alembic', 10, '2026-11-01', 14.99);

INSERT INTO PrescribedDrugs (PrescriptionID, DrugName, PrescribedQuantity, RefillLimit) 
VALUES 
    (11, 'Aspirin', 1, 3),
    (11, 'Amoxicillin', 2, 2),
    (12, 'Lisinopril', 1, 1),
    (12, 'Metformin', 1, 2),
    (13, 'Atorvastatin', 1, 1),
    (13, 'Simvastatin', 1, 0),
    (14, 'Levothyroxine', 1, 3),
    (14, 'Losartan', 1, 2),
    (15, 'Omeprazole', 1, 1),
    (15, 'Gabapentin', 2, 0),
    (16, 'Amlodipine', 1, 1),
    (16, 'Hydrochlorothiazide', 1, 2),
    (17, 'Metoprolol', 1, 1),
    (17, 'Alprazolam', 2, 1),
    (8, 'Warfarin', 1, 1),
    (8, 'Citalopram', 1, 0),
    (9, 'Prednisone', 1, 3),
    (9, 'Furosemide', 1, 2),
    (10, 'Zolpidem', 1, 1),
    (10, 'Venlafaxine', 1, 0),
    (11, 'Diazepam', 1, 1),
    (11, 'Fluoxetine', 1, 1),
    (12, 'Lorazepam', 1, 1),
    (12, 'Clonazepam', 1, 0),
    (13, 'Tramadol', 1, 3),
    (13, 'Cephalexin', 1, 2),
    (14, 'Metronidazole', 1, 1),
    (14, 'Fluconazole', 1, 1),
    (15, 'Clarithromycin', 1, 1),
    (15, 'Sildenafil', 1, 0);

INSERT INTO Orders (PrescriptionID, EmployeeID, OrderDate) 
VALUES 
    (11, 144, '2024-01-01'),
    (12, 170, '2024-01-02'),
    (13, 173, '2024-01-03'),
    (14, 144, '2024-01-04'),
    (15, 145, '2024-01-05'),
    (16, 146, '2024-01-06'),
    (17, 147, '2024-01-07'),
    (18, 148, '2024-01-08'),
    (19, 149, '2024-01-09'),
    (10, 150, '2024-01-10'),
    (11, 151, '2024-01-11'),
    (12, 152, '2024-01-12'),
    (13, 153, '2024-01-13'),
    (14, 154, '2024-01-14'),
    (15, 155, '2024-01-15'),
    (16, 156, '2024-01-16'),
    (17, 157, '2024-01-17'),
    (18, 158, '2024-01-18'),
    (19, 159, '2024-01-19'),
    (20, 162, '2024-01-20'),
    (21, 163, '2024-01-21'),
    (22, 146, '2024-01-22'),
    (23, 153, '2024-01-23'),
    (24, 164, '2024-01-24'),
    (25, 145, '2024-01-25'),
    (26, 156, '2024-01-26'),
    (27, 167, '2024-01-27'),
    (28, 148, '2024-01-28'),
    (29, 159, '2024-01-29'),
    (30, 160, '2024-01-30');

INSERT INTO OrderedDrugs (OrderID, DrugName, BatchNumber, OrderedQuantity, Price) 
VALUES 
    (31, 'Alprazolam', 14155, 5, 10.99),
    (32, 'Amlodipine', 11122, 3, 15.49),
    (33, 'Aspirin', 12345, 7, 20.99),
    (34, 'Amoxicillin', 23456, 2, 25.99),
    (5, 'Clonazepam', 24255, 10, 8.99),
    (6, 'Atorvastatin', 56789, 4, 12.99),
    (7, 'Diazepam', 21222, 6, 18.99);


INSERT INTO Bill (OrderID, CustomerSSN, TotalAmount, CustomerPayment, InsurancePayment) 
VALUES 
    (31, 113, 50.99, 40.00, 10.99),
    (32, 114, 65.49, 60.00, 5.49),
    (33, 115, 80.99, 75.00, 5.99),
    (34, 116, 55.99, 50.00, 5.99),
    (5, 117, 100.00, 100.00, 0.00),
    (6, 118, 45.99, 45.99, 0.00),
    (7, 119, 75.99, 70.00, 5.99),
    (8, 119, 30.99, 30.99, 0.00),
    (9, 140, 90.99, 90.99, 0.00),
    (10, 123, 85.99, 85.99, 0.00),
    (11, 113, 40.99, 40.99, 0.00),
    (12, 114, 65.99, 60.00, 5.99),
    (13, 115, 70.99, 70.00, 0.99);

INSERT INTO DisposedDrugs (DrugName, BatchNumber, Quantity, Company) 
VALUES 
    ('Aspirin', 123456, 10, 'Pharma Co.'),
    ('Paracetamol', 234567, 15, 'MediCorp'),
    ('Ibuprofen', 345678, 20, 'Health Inc.'),
    ('Loratadine', 456789, 8, 'Pharma Co.'),
    ('Amoxicillin', 567890, 12, 'MediCorp'),
    ('Omeprazole', 678901, 5, 'Health Inc.'),
    ('Simvastatin', 789012, 7, 'Pharma Co.'),
    ('Metformin', 890123, 9, 'MediCorp'),
    ('Prednisone', 901234, 11, 'Health Inc.'),
    ('Atorvastatin', 112233, 13, 'Pharma Co.'),
    ('Metoprolol', 223344, 16, 'MediCorp'),
    ('Amlodipine', 334455, 18, 'Health Inc.'),
    ('Furosemide', 445566, 21, 'Pharma Co.'),
    ('Albuterol', 556677, 24, 'MediCorp'),
    ('Losartan', 667788, 27, 'Health Inc.'),
    ('Azithromycin', 778899, 30, 'Pharma Co.'),
    ('Hydrochlorothiazide', 889900, 33, 'MediCorp'),
    ('Levothyroxine', 990011, 36, 'Health Inc.'),
    ('Metronidazole', 101112, 39, 'Pharma Co.'),
    ('Warfarin', 121212, 42, 'MediCorp'),
    ('Insulin', 131313, 45, 'Health Inc.'),
    ('Prednisolone', 141414, 48, 'Pharma Co.'),
    ('Cephalexin', 151515, 51, 'MediCorp'),
    ('Doxycycline', 161616, 54, 'Health Inc.'),
    ('Citalopram', 171717, 57, 'Pharma Co.'),
    ('Fluoxetine', 181818, 60, 'MediCorp'),
    ('Venlafaxine', 191919, 63, 'Health Inc.'),
    ('Sertraline', 202020, 66, 'Pharma Co.'),
    ('Clonazepam', 212121, 69, 'MediCorp'),
    ('Gabapentin', 222222, 72, 'Health Inc.');

INSERT INTO Notification (Message, Type) 
VALUES 
    ('Your prescription is ready for pickup.', 'Ready'),
    ('Reminder: Time for your medication refill.', 'Reminder'),
    ('Important: Schedule your annual check-up.', 'Reminder'),
    ('Your order has been processed.', 'Processed'),
    ('Notification: New medication available.', 'Update'),
    ('Your appointment has been scheduled.', 'Appointment'),
    ('Alert: Medicine batch recalled, check your inventory.', 'Alert'),
    ('Reminder: Time for your flu shot.', 'Reminder'),
    ('Notification: Special discount on select medications.', 'Update'),
    ('Urgent: Attend the mandatory staff meeting.', 'Urgent'),
    ('Reminder: Follow-up appointment with your doctor.', 'Reminder'),
    ('Notification: New employee orientation tomorrow.', 'Update'),
    ('Your test results are ready for review.', 'Result'),
    ('Alert: Severe weather warning, plan accordingly.', 'Alert'),
    ('Notification: Holiday closure notice.', 'Update'),
    ('Reminder: Annual insurance renewal due.', 'Reminder'),
    ('Notification: New clinical trial enrollment.', 'Update'),
    ('Urgent: Emergency evacuation drill tomorrow.', 'Urgent'),
    ('Alert: Product recall for safety reasons.', 'Alert'),
    ('Notification: Welcome to our loyalty program.', 'Update'),
    ('Reminder: Schedule your flu vaccination.', 'Reminder'),
    ('Notification: Year-end inventory count scheduled.', 'Update'),
    ('Urgent: Power outage maintenance tonight.', 'Urgent'),
    ('Notification: New employee training starts next week.', 'Update'),
    ('Reminder: Annual health insurance enrollment period.', 'Reminder'),
    ('Notification: Special holiday hours in effect.', 'Update'),
    ('Alert: Security breach detected, update passwords.', 'Alert'),
    ('Reminder: Medication adherence check-up.', 'Reminder'),
    ('Notification: New health awareness campaign.', 'Update'),
    ('Urgent: Fire safety drill tomorrow.', 'Urgent');

INSERT INTO Employee_Notification (EmployeeID, NotificationID) 
VALUES 
    (144, 1),
    (145, 2),
    (146, 3),
    (147, 4),
    (148, 5),
    (149, 6),
    (150, 7),
    (151, 8),
    (152, 9),
    (153, 10),
    (154, 11),
    (155, 12),
    (157, 13),
    (157, 14),
    (159, 15),
    (160, 16),
    (161, 17),
    (162, 18),
    (163, 19),
    (164, 20),
    (165, 21),
    (166, 22),
    (167, 23),
    (168, 24),
    (169, 25),
    (170, 26),
    (171, 27),
    (171, 28),
    (172, 29),
    (173, 30);

INSERT INTO Employee_DisposedDrugs (EmployeeID, DrugName, BatchNumber, DisposalDate) 
VALUES 
    (144, 'Aspirin', 123456, '2024-01-01'),
    (145, 'Paracetamol', 234567, '2024-01-02'),
    (146, 'Ibuprofen', 345678, '2024-01-03'),
    (147, 'Amoxicillin', 567890, '2024-01-04'),
    (148, 'Loratadine', 456789, '2024-01-05'),
    (149, 'Doxycycline', 161616, '2024-01-06'),
    (150, 'Omeprazole', 678901, '2024-01-07'),
    (151, 'Citalopram', 171717, '2024-01-08');


